is_private, is_business, is_joined_recently, biography
False,False,True,Â¡Ni recentid@ ni dolid@ acÃ¡ te la bancasğŸ’£!Y si no me acuerdo no pasoğŸ’…ğŸ¤ğŸ¶@soymuyfalsa
False,False,False,
False,True,False,25/08/1999Monfalcone-Udine ItalyğŸ‡®ğŸ‡¹
False,True,False,Haters make me famousğŸ˜»
False,False,False,ğŸ”°FANSHII NDIO SPECIAL ACCOUNT YANGU KARIBUNI SAN KUNIFOLLOW Â©2018
False,True,False,PERSIB BANDUNGâš½ğŸ˜ï¸Bogor IndonesiağŸ‡®ğŸ‡©
False,False,False,ï£¿ ğ”‡ğ”¬ğ”«ğ”± ğ”±ğ”¢ğ”©ğ”© ğ”­ğ”¢ğ”¬ğ”­ğ”©ğ”¢ ğ”¶ğ”¬ğ”²ğ”¯ ğ”­ğ”©ğ”ğ”«ğ”°ğ”°ğ”¥ğ”¬ğ”´ ğ”±ğ”¥ğ”¢ğ”ª ğ”¶ğ”¬ğ”²ğ”¯ ğ”¯ğ”¢ğ”°ğ”²ğ”©ğ”±..ğŸ‘¨ğŸ»â€ğŸ’»ï£¿ ğ”œğ”¢ğ”°ğ”±ğ”¥ğ”¢ ğ”±ğ”¯ğ”²ğ”±ğ”¥ ğ”¦ğ”° ğ”¦ğ”ª ğ”±ğ”¦ğ”¯ğ”¢ğ”¡ğ”±ğ”¬ğ”¬ ğ”±ğ”¦ğ”¯ğ”¢ğ”¡ğ”¢ğ”µğ”±ğ”¯ğ”¢ğ”ªğ”¢ğ”©ğ”¶ ğ”±ğ”¦ğ”¯ğ”¢ğ”¡..ğŸ¤–
False,True,False,Subcamp.Cat. SQ '06CampeÃ³n Cat. SQ '07Subcamp.Esp. SQ '08&'09Camp.Extrem. SQ '12Rider | Event Manager | Racing Mechanic
False,False,False,Senggol bacok.Pribadi yang lebih baik ğŸ™
False,False,False,
True,False,False,
False,True,False,Ù€Ù€Ù€Ù€Ù€Ù€Ù€Ù€Ù€Ù€Ù€Ù€Ù€Ù€Ù€Ù€Ù€Ù€Ù€Ù€Ù€Ù€Ù€Ù€Ù€â€â€¢â–£â™¥â–£â€¢â€Ù€Ù€Ù€Ù€Ù€Ù€Ù€Ù€Ù€Ù€Ù€Ù€Ù€Ù€Ù€Ù€Ù€Ù€Ù€Ù€Ù€Ù€Ù€Ù€Ø­Ø§ÙˆÙ„ Ø§Ù† ØªÙƒÙˆÙ† Ø£ÙØ¶Ù„ Ù…Ù† Ù†ÙØ³ÙƒğŸ’™ğŸ¥ Ù€Ù€Ù€Ù€Ù€Ù€Ù€Ù€Ù€Ù€Ù€Ù€Ù€Ù€Ù€Ù€Ù€Ù€Ù€Ù€Ù€Ù€Ù€Ù€Ù€Ù€â€â€¢â–£â™¥â–£â€¢â€Ù€Ù€Ù€Ù€Ù€Ù€Ù€Ù€Ù€Ù€Ù€Ù€Ù€â €â €â €â €â €â €â €
False,True,False,OLIMPIA DE MI VIDA â­ï¸â­ï¸â­ï¸DJ ğŸ§ğŸ’¿abc TV ğŸ“º ğŸ“· PH: @somosolimpia Tw: @GiulyLocattiSc: giulilocatti
False,True,False,ğŸ“Benidorm                                                                    ğŸƒâŒ›ï¸ working on myself âŒ›ï¸ğŸŒ»        I learned to always smile
False,True,False,#Tranky
False,False,False,
False,False,False,
False,True,False,ğŸ“‚Tailor-made Software Websites & Apps for all major faculties ğŸ¤“ | ğŸ–¥ï¸ğŸ›  Hardware & Software repair center ğŸ˜Œ | ğŸ—¿Logos & Banners ğŸ¤” | â„¢Â®Â© Branding
False,True,False,
False,False,False,Jogjascarfta Crew ğŸºJakmania JogjağŸ‘ŸPersija ğŸ¯ JakartaJakarta-YogyakartağŸ JT.33.0018728.06.18ğŸ‘†
True,False,False,Germany/ffmğŸ“| 20 | snap: miguel_2511
False,True,False,KhersonĞĞµ Ğ±Ğ¾Ğ¹ÑÑ Ğ½Ğµ ĞºĞ¾Ğ³Ğ´Ğ° Ğ½Ğµ Ñ‡ĞµĞ³Ğ¾ ĞĞµ Ğ±ÑƒĞ´ÑŒ ĞºĞ¾Ğ¿Ğ¸ĞµĞ¹ Ğ±ÑƒĞ´ÑŒ Ğ¾Ñ€Ğ¸Ğ³Ğ¸Ğ½Ğ°Ğ»Ğ¾Ğ¼Ğ”Ğ¾Ğ²ĞµÑ€ÑĞ¹ Ñ€Ğ°Ğ·ÑÑÑƒĞ´ĞºÑƒ Ğ½Ğµ Ğ²ĞµÑ€ÑŒ Ğ³Ğ»Ğ°Ğ·Ğ°Ğ¼
False,False,False,GINEUSE
False,False,False,ğŸ˜‡ my liveğŸ”¥Chefâ¤ï¸Sardiniaâ¤ï¸VenetoğŸ‡®ğŸ‡ªItalyhttps://www.youtube.com/watch?v=rIyXzLjJFWE&t=158s
False,True,False,TIENDA DE PRODUCTOS ECOLÃ“GICOS Y BIODEGRADABLES ğŸŒ± ğŸ“¦ Envios GRATIS en compras mayores a $500ğŸ’³ Compra segura con PayPal
False,True,False,Viaggia... a modo tuo! #Mazzone #Travel
False,False,True,
NaN
False,False,True,
False,True,False,
False,False,False,Horse RiderğŸ´ Clint Pleasure Lexus Poker | 9yo | #designbydaliateam ğŸŒ¸@designbydalia
False,False,False,ğŸ“¸:prontojr
False,False,True,
False,False,True,Orange County CA
False,False,False,ğŸ’¯NbaGangğŸ’¯Let Hater's HateFunnyğŸ˜‚Whatsapp:3930875
False,False,False,24 - ğŸ‡§ğŸ‡¬ - Karlsruhe                                        ğŸ•‰ï¸ğŸ¶ğŸ‹ğŸ½â€â™‚ï¸                            ğŸ‘ï¸#SectorOneEvents
NaN
False,False,True,
NaN
False,False,True,
False,False,True,@xoxo.babygirl.annika12 go follow my real account@spammssss
False,False,False,~ 18 thn~~Stiap kejayaan bermula dgan langkah yg kecil..
False,True,False,WelcomeğŸ™My life my rulesğŸ‘‘Normal is boringâŒMy way or the highwayğŸ”šThe past is a history the future is a mysteryğŸ’¯â¬‡ï¸You gotta check thisâ¬‡ï¸
True,False,False,Quieres seguirme?Si no te conozco en Persona no te aceptarÃ©!Perfil personal Solicitudes DecoEmpresasCoachingHerbalife etc al: @el_hogar_del_populo
False,True,False,En mis tiempos libres hago vÃ­deos ğŸ˜ğŸ‘‡ğŸ‘‡ğŸ‘‡ğŸ‘‡ğŸ‘‡
False,False,True,
False,False,True,ğŸŒµğŸŒ»ğŸ„
NaN
False,False,False,Created in:6/12/2017Todas as fotos postadas sÃ£o da minha autoria ğŸ’•â¤ğŸ‘‡ğŸ‘‡ğŸ‘‡ğŸ‘‡ğŸ‘‡ğŸ‘‡ğŸ‘‡
NaN
False,False,True,...
False,False,True,
False,False,True,
False,False,False,ğŸ“¸SnapğŸ“¸: p4tryk020  ğŸ‘¤Fb: Patryk WysockiğŸ‡µğŸ‡±PolandğŸ‡µğŸ‡±â—ï¸BiaÅ‚ystokâ—ï¸ğŸ‘‹13 LateqğŸ‘‹
NaN
False,False,True,since 29th NovemberIâ€™d love to hold you close tonight and always.âœ¨ğŸ’•
NaN
NaN
False,False,False,Welcome to my galery I hope you are happy.INDONESIA- Motherland.Humans are created by god without wings but some of them can fly success means.
True,False,False,@kha10lid_n
True,False,False,TWITTER:monie_babyyyyğŸ¤¤|ğŸ‘»:tamonieroy17|BESTIE @curlyheadmariii_ ğŸ’•ğŸ˜‹|J.ğŸ’ğŸ”
False,False,False,ğŸ“² ; muhammadzakiit
NaN
False,False,False,Putri mr.@anthonihawk & mrs.@fifierafikacandrağŸ‡®ğŸ‡©ğŸ‡® ğŸ‡© Indonesia ğŸ‡®ğŸ‡©Endorsement DM ğŸ˜‡
False,False,True,CREADORA DE INTERIORES
True,False,True,
False,False,True,12 anos...ğŸ˜Šâ¤escorpianağŸ‘ŠğŸ”¥ğŸ’¥
False,True,False,â €â €â €â €â €â €â €â €â € VEJAM MEUS STORIES ğŸ˜‚â €â €â €â €â €â €â €â €â € Parceria? Vai no Direct.â†—ï¸â €â €â €â €â €â €â €â €   SERGIPANO ğŸ—ºâ €â €â €â €â €â €â €â €â € @giih_azevedooo  â¤ï¸ğŸ‘« â €â €â €â € â €
False,True,False,Artist & cat lover
False,False,True,
False,True,True,â©EmagreÃ§a Entre 6 a 10 KG Com saÃºde Com Dr.Rodolfo AurÃ©lio â©Sem Passar Fome Ou RestriÃ§Ã£oâ©100% Garantido Veja Os Depoimentos #dietaâ¤µï¸Clique Aqui â¤µï¸
False,False,True,
False,False,False,
False,False,True,Five Star Resort Destination
NaN
NaN
False,False,True,Army â¤ï¸â¤ï¸ğŸ¤¤nctZensğŸ“ŒğŸ˜±staysğŸ˜­â¤ï¸you got no jamsğŸ˜‚infires man ğŸ™‚ğŸ˜‚
False,False,False,ğŸ¦_Golden Retrievers_April 2018Working at @LineaCamper in Turin (Italy) as supporter withğŸ§”ğŸ»Daddy @andrea_lo_bianco andğŸ‘©ğŸ»Mummy @_robeg
False,False,False,ğŸ™ğŸ™à¤¨à¤®à¤¸à¥à¤¤à¥‡ à¤¸à¤¦à¤¾ à¤µà¤¤à¥à¤¸à¤²à¥‡ à¤®à¤¾à¤¤à¥ƒà¤­à¥‚à¤®à¥‡ !ğŸ™ğŸ™
False,True,False,It does not bother me that they speak ill of me dogs usually bark when they do not know people.ğŸƒâ™¥
False,True,False,-Turin Italy ğŸŒ -27 years old 16/07/1991-Music/SoundğŸ§ğŸ’¿ğŸ”Š-"Un giorno anche la guerra s'inchinerÃ¡ al suono di una chitarra." (Jimi Hendrix)ğŸ¸-Interâš«ğŸ”µ
False,True,False,ğŸŒ¸ á¯ÆŠá¯ğŸŒ¸ğŸŒ¸ 1ï¸âƒ£7ï¸âƒ£  à¯¶.Ğ¾ ğŸŒ¸ â„­â„œâ„â„³â„á¯ á•â„â„³â„±â„°â„›Oá®Oâ„’ ğŸŒ¸ TÃœâ„›á¦â„á½â„° â„á•Tá¯â„•â„¬á™€â„’â€âœ¨ ÙƒÙ„ ØµØ¹ÙˆØ¨Ø© ÙŠØ¬Ù„Ø¨ Ø§Ù„Ø¥ØºØ§Ø«Ø©âœ¨        AlhamdulillahğŸ™ğŸ»
False,False,False,
NaN
False,False,True,Brillante pero olgazan
True,False,True,
False,False,True,
False,False,True,
False,True,True,Trazer a vocÃª cliente o melhor produto com os melhores preÃ§os!!!
True,False,False,â¤Gemeniâ¤~14âšªUniversitatea CraiovağŸ”µFacebook:Andrei PanacheSnapchat:andreipanache69
False,True,False,â€œStyle is a way to say who you are without having to speakâ€ğŸ’«For more Info & Orders Contact us:ğŸ‘‡ğŸ»ğŸ‘‡ğŸ»â€”WhatsApp ğŸ‡±ğŸ‡§+96176181622â€”WhatsApp ğŸ‡¸ğŸ‡¾+963933212021
False,False,False,
True,False,True,
False,True,False,â— Paket Aqiqah Syukuran dllâ— Paket Nasi Snack Box untuk acaraâ— Paket Kambing Gulingâ— Paket Lauk Siap SantapTelp/wa 085725557255Kunjungi web ğŸ‘‡
NaN
False,False,False,.(Ù‚Ø¯ Ø§Ø³Ø®Ø± Ù…Ù† Ø§Ù„Ù†Ø§Ø³ Ù„ÙƒÙ†ÙŠ Ù„Ø§ Ø§Ù„ÙˆØ« Ø³Ù…Ø¹ØªÙ‡Ù…â­•ï¸...Ø¥Ø³Ù‚Ø§Ø· Ø³Ù…Ø¹Ø© Ø§Ù„Ø§Ø®Ø±ÙŠÙ† ğŸ‘‹#Ù„Ù†_ØªØ±ÙØ¹Ùƒâ˜ï¸â­•ï¸ ğŸ–¤Ø¡...16/10ğŸ‰ğŸ‚..(25Ù„Ø§Ø¹Ø¨ ÙƒØ±Ø© Ù‚Ø¯Ù… ğŸ’šâš½ï¸)â €{Ø­Ø³Ø§Ø¨ÙŠ Ø§Ù„Ø±Ø³Ù…ÙŠ}Ø³Ø¤Ø§Ù„ğŸ‘‡
False,True,False,Innovation Is What Distinguishes Between Leaders And Followers (^.^)-ğŸ“BekasiIndonesiağŸŒâœˆ-â„Unfoll ? I Can See ğŸ‘€
False,True,False,Ù¾Ù‡ ÙŠØ¬Ù‰ ÙÙ‡ Ø±Ù…Ù‰ Ø±Ø¤Ú˜Ù‰ Ù†ÙˆÙ‰ğŸ•‹â€¢___/\___Ø§Ù„Ù„Ù‡ğŸ•‹â¤ï¸Ø§Ù„Ù„Ù‡__/\_____â€¢ØªÙ‡ Ù†Ù‡Ø§Ø¦Ø§Ù…Ø§ Ù†Ø¬Ù…Ø§Ù† Ø®Ø²Ù…Ù‡ Øª ÙƒØ±Ø¯Ù†Ù‰ Ø²ÙŠØ§ØªØ±Ù‡ Ø¨Ù‡ Ø¦Ø§ÙŠÙ†Ù‰ Ø¨ÙŠØ±Ø¤Ø²Ù‰  Ø¦ÙŠØ³Ù„Ø§Ù…ğŸ•‹ğŸ•‹Ø³ÙˆØ¨Ø§Ø³ØªØ§Ù† Ø¯Ù‡ ÙƒÙŠÙ† ÙŠØ§Ø±Ù…ØªÙ‰ Ù…Ø§Ù† ÙƒÙ‡ Ù†
False,False,True,Evanâ¤ï¸
NaN
False,False,False,Entrepreneur ** Number1stunna
False,False,False,
NaN
False,False,True,DIEU est grand tout est dÃ©jÃ  Ã©crit ğŸ‘ŒğŸ™‡â€â™€ï¸ğŸ•‹
False,False,True,ğŸ…ğŸ‡²ğŸ‡½Sin. ->ğŸŒ´ğŸ‡ºğŸ‡¸ Leucadia ğŸ¹                                   Child of the light & soundâœ¨ğŸ¼ On the path to spiritual freedomğŸ—ğŸ‘ˆğŸ½ğŸ’›ğŸŒˆğŸ•ŠğŸ”ğŸŒ€ğŸ†  â“¥ ğŸ®ğŸ·ğŸ£
False,False,True,
False,False,False,ğŸ¥ğŸ¬ Brazilian Actress   ğŸ˜‰Podemos escolher o que semear mas somos obrigados a colher aquilo que plantamos. ğŸ˜˜
False,False,True,
False,False,True,
False,True,False,| "Love of computer science"ğŸ’» |       | "passion for audiovisual"ğŸ“½ |                | ğŸŒCapricÃ³rnioğŸŒ || â—ğŸ‡¸ğŸ‡¹ğŸ‡µğŸ‡¹ğŸ‡¨ğŸ‡»â— |
False,False,False,
False,True,False,ğŸ‘‰wÃªlÃ§Ã´mÃª tÃ´ my prÃ´fÃ®lÃªğŸ‘‰ğŸ‚CÃ¢kÃª ğŸ”ªmÃ»dÃªr Ã´Ã± 08 Å¡Ã«pğŸ‘‰mÃ£ÅŸÅ£Ä¯ zÃ¢dÃ¢ğŸ‘‘Â ğŸ‘‰ğŸ’¯Ã˜ffÄ¯Ã§Ä¯Ã£Å‚ Ã¢ÄÃ§ÃµÅ³Ã±Å£Â ğŸ‘‰SingleÂ ğŸ™‹â€â™‚ğŸ‘‰Editing lover ğŸ‘‰search GfğŸ˜ğŸ˜ğŸ‘‰bhai jal mat
False,True,False,#LondonerA 20 y/o Marketing StudentHobbyist Photographer #Photography is all about experimentingAll Captured by Me ğŸ”
False,False,True,
False,False,False,Soup for the bibliophile's soul â™¥ï¸ğŸ“–
False,False,False,Hi Brow Brow Apa kabarğŸ˜™ğŸ˜‚Berak Jangan lupa Cebok
NaN
True,False,False,
False,False,False,.ğŸ‘‡.- ÙˆØ¹Ø¹Ù†Ø¯ ÙƒÙƒØ±Ø§Ù…ØªÙŠ â .. â € â € â € Ö† â € Ø³Ù„Ø¢Ù… Ø¹Ø¹Ù„ÙŠÙƒ ÙˆÙƒØ£Ù†Ùƒ Ù„Ù… ØªØ®Ù„Ù‚.  ( "â¥ â € ||ğŸ‡µğŸ‡¸.palestine....- Ø¥Ø±Ø¶Ø§Ø¡ Ø§Ù„Ù†Ø§Ø³ Ù‚Ø§Ù†Ùˆ ×˜Ö¼ à­ª ÙŠØ´Ù…Ù„Ù†ÙŠ....ÚµÙ± ØªÙ†Ø³Û’ Ø°ÚªØ± ï·²
True,False,False,
False,False,True,Fan Do  Grau  â¤ğŸ‘Šdxr msm âœ‹âœŒ
False,True,False,Penikmat kata
False,True,False,ğŸ† Finalista di Amici Di Maria De Filippi #amicidimariadefilippi#dancer#aerialacrobat #osteopathy
False,False,True,â‡ï¸Life plan: end HSğŸ‘©ğŸ¼â€ğŸ“& just surfğŸ„â€â™€ï¸
False,False,True,View model management ğŸ‡ªğŸ‡¸
False,False,False,Ù…Ù†ØªØ¬Ø§ØªÙ†Ø§ Ø·Ø¨ÙŠØ¹ÙŠØ© Ù…ØµØ±Ø­Ø© Ù…Ù† Ø­ÙƒÙˆÙ…Ø© Ø¯Ø¨ÙŠ Ù‚Ø³Ù… Ø³Ù„Ø§Ù…Ø© Ø§Ù„Ù…ÙˆØ§Ø¯ Ø§Ù„Ø§Ø³ØªÙ‡Ù„Ø§ÙƒÙŠØ© ğŸ’Ø§Ù„ØªÙˆØµÙŠÙ„ Ù„Ø¯ÙˆÙ„ Ø§Ù„Ø®Ù„ÙŠØ¬ ÙˆØ§Ù„Ø£Ø±Ø¯Ù† ÙˆÙ„Ø¨Ù†Ø§Ù† ÙˆØ³ÙˆØ±ÙŠØ§ ÙˆÙ…ØµØ± Ù„Ù„Ø·Ù„Ø¨ ÙˆØ§Ù„Ø§Ø³ØªÙØ³Ø§Ø± Ø¯Ø§Ø§Ø§ÙŠØ±ÙƒØªğŸ’ğŸ’
False,False,True,Undecided; a brand an idea a wave
NaN
True,False,False,
False,False,True,Wife.Mom.Glamma.Business owner. @blantonrealestategroupMinistry leader. @freedomhouse
False,False,False,#onlinepsikolog #psikologÃ‡alÄ±ÅŸma AlanlarÄ±:Klinik psikoloji stres yÃ¶netimi negatif dÃ¼ÅŸÃ¼nceler romantik iliÅŸkiler iletiÅŸim problemi cinsel terapi
False,True,False,Gitar . Vokal . BassKeep White Stay Clean
True,False,False,ğŸ“ğŸ…ğŸ’ğŸŒ¶FooD LoVer ğŸŒ¶ğŸ’ğŸ…ğŸ“ EaTâ€¢LoVeâ€¢PraYâ€¢TraveLâ€¢RepeaTâ€¢
NaN
False,False,True,
False,False,False,
True,False,False,Ø§Ù„Ø¬Ø§Ù…Ø¹Ù‡ Ø§Ù„ØªÙ‚Ù†ÙŠÙ‡ / Ù…Ø­Ø§Ø³Ø¨Ù‡ ğŸ“â€â€â€ Ø¨Ø¹Ø¯Ù†ÙŠ Ø¨ÙŠØ§Ø³Ø© ØŒ â€Ø§Ù„Ø¹Ø´Ø±ÙŠÙ† ØŒ ÙˆØ§Ù„Ø´ÙŠØ¨Ø§Øª Ù…Ùˆ Ù‚ØµØªÙŠâ˜ºï¸ğŸ‘‡ğŸ»â˜ºï¸
False,False,True,â€¢ Dixie the JackAPoo ğŸ¶â€¢ Susie the Beagle ğŸ¶â€¢ An unlikely Pair ğŸ’—
False,True,False,I know that at some point everything will improve.ğŸŒ§
False,False,True,
NaN
False,False,True,Oc Freshman ğŸ¤ªğŸ˜† ğŸ”CğŸ¤¤ğŸ¤ğŸ½
False,True,False,ğŸ“BANDUNG BARATğŸ§ BRI-BCA-MANDIRI-BJBâ–ªï¸HARGA BELUM TERMASUK ONGKOS KIRIMMINAT? WA â¡ï¸ 083821088022 (NO CALL)JOIN KLIK LINKâ¤µï¸
False,False,False,Chemical EngineeringIreksa Movie
True,False,True,DanzağŸ˜ğŸ˜ğŸ˜3/03/18ğŸ‚ğŸ‚ğŸ‚ğŸ‰ğŸ‰ğŸŠ
False,False,True,ĞšĞ Ğ˜Ğ¡Ğ¢Ğ˜ĞĞ ĞĞ Ğ˜Ğ¤Ğ›Ğ•Ğ™Ğœ
True,False,False,â€¢13â€¢ cheerleader â™¥ï¸
False,False,False,
False,False,False,@mrs.sibrikov ğŸ‘©ğŸ»â€ğŸ“ LL.M. & Visionary WomanğŸŒŸ Inspire people to transform ğŸ‘¸ğŸ» Life & Freedom Enjoyer ğŸ“ NLP Practitioner & Psychology-Curious
False,True,False,Bishkek ğŸ‡°ğŸ‡¬Moscow ğŸ‡·ğŸ‡ºIstanbul ğŸ‡¹ğŸ‡·Barcelona ğŸ‡ªğŸ‡¸Wellington ğŸ‡¦ğŸ‡ºBeauty in simplicity ğŸ‘Œ
NaN
False,False,False,
NaN
False,True,False,Kalsruhe . 13   ğŸ‡°ğŸ‡¿CR7ğŸ’ªsnap- rgerst17-XXXTENTACION â¤
False,True,False,âœ actressâœ Modelâœ studying (directorğŸ¬)âœğŸ“¤Odessa Ukraine
False,True,False,The artist and the muse.
False,False,True,My last accunt got deleted fuck yuo I love Minecraft and terreria but terria is worser10 year young4 twenty blaze itğŸ”¥
False,False,True,Ú©Ø§Ø²Ø±ÙˆÙ†ØŒØ®ÛŒØ§Ø¨Ø§Ù† Ø¨Ø§Øº Ø¢Ø³ÛŒØ§ÛŒÛŒØŒØ¬Ù†Ø¨ Ø¢Ú˜Ø§Ù†Ø³ Ø´Ø§Ù‡ÛŒÙ†ØªÙ„ÙÙ† ØªÙ…Ø§Ø³:42248096
False,False,False,Facebook : Zakaria Ait Taleb ğŸ‘»  zakariait Marrakech ğŸ‡²ğŸ‡¦
False,False,False,
False,False,False,
False,True,False,INDONESIA ğŸ‡®ğŸ‡©Arts Speaks Where Words Are Unable To Explain
NaN
NaN
True,False,True,Tenho aquela estranha sensaÃ§Ã£o de quem viveu muito em tÃ£o pouco tempo...â³â¤
NaN
True,False,False,ğŸ“Los Angeles ğŸŒ´Speaks valley girl
True,False,False,
False,False,True,Jesus te ama!!@biajuro @gabih_smokâ€œNenhuma condenaÃ§Ã£o hÃ¡ para quem estÃ¡ em Ti Cristo Jesusâ€~ Romanos 8:1
False,False,False,ğŸ‘†Xbox profile nameğŸ‘†ğŸ˜‚MemesğŸ˜‚DailyğŸ˜‚
False,False,True,
True,False,False,Sessizlik
NaN
False,False,True,I will accept all follow request and I will follow anyone that follows me hope you enjoy my videos and my picturesâ¤ï¸ğŸ’–ğŸ–¤
False,False,False,
False,True,False,Saya luar biasa Boring.. ? Play my channel. ğŸ˜…ğŸ‘‡
False,True,False,
NaN
False,True,False,
False,True,False,âœ´Karma Believer ğŸ™‹âœ´JAAT  ğŸ˜ğŸ˜âœ´IMSianâœ´EX-MSPSianâœ´Be +iveâœ´Budding Engineerâœ´Stay COOL and CLASSYâœ´å……æ»¡èƒ½é‡âœ´ ãƒ‹ã‚­ãƒ«ãƒãƒªã‚¯âœ´èª‡ã‚‰ã—ã’ã«ã‚¤ãƒ³ãƒ‰
False,False,False,Name  â˜I â¤ fooball  âš½Real Madrid ğŸ‘‘âšªâ¤ Y . O ~ 23  ğŸ‚ğŸ‡®ğŸ‡¶ BÃ¤ghÄ‘aÄ‘
False,False,True,Fotos PaisajesFotos y paisajes
False,False,False,~HawinVlog~HawinPrank~Hawin_Photograpyh---//---//---//---Indonesia - Jakarta//---//---//---//@han_alfhrzy And @riwinda13
True,False,False,
False,False,False,Ø§Ø­Ø³Ù† ÙˆØ§Ø­Ø¯ Ø¨Ø§Ù„Ø¯Ù†ÙŠØ§ â˜ğŸ‘ŒğŸ˜‰#ÙÙ„Ø³Ø·ÙŠÙ†ÙŠ ğŸ‡µğŸ‡¸ğŸ‡µğŸ‡¸#ÙˆØ­Ø¯Ø§ØªÙŠ â¤ğŸ’šØ§Ù„ÙŠ Ø¨Ù‚Ù„Ø¨ Ø­Ø·Ùˆ Ù‡ÙˆÙ† ğŸ–¤ğŸ‘‡ğŸ¼ğŸ’™
False,True,False,ã€‹Welcome to my lifeğŸŒŒğŸ”¥â–ªâ€¢â€¢â€¢â€¢â€¢â€¢â€¢â€¢â€¢â€¢E seja sempre como Deus quiserğŸ•‡â€¢>Albertina/MGğŸ’¢ğŸ‡§ğŸ‡·ğŸŒâ€¢>Leoninaâ™Œâ€¢>(035)â¸      S P ğŸ”´âšªâš«
False,True,False,Living around the world ğŸŒŠğŸ„ğŸ‚ğŸŒ´â›µğŸ¹
NaN
False,True,True,* Photographs* Nature* Black* White* Color ğŸ“¹ğŸ“·ğŸ¥ğŸ¬ğŸ­
False,False,True,
False,True,False,Est.1997ğŸ‡®ğŸ‡© Indonesia - AcehğŸ‡®ğŸ‡©â±   Timelapse  ğŸŒ Travel Founder of @acehliciouz#roycom4Channel YouTubeâ¬‡â¬‡ Subscribe Jangan Lupa Cuy
False,False,False,Athlete | believer of unbelief | seekerSnapchat: anshuman_1501Man with a vision
False,True,False,New pop-punk metalcore from HUNGARYğŸ”¥BAGGIRA IS OUT:ğŸ”¥
False,False,False,-    Uns vÃ£o Tentar Provar Que SÃ£o melhores  Outros vÃ£o melhorando suas Provas ğŸ­ğŸ€â›¼  MG/RJ/SC #035 - #021 #047  Whatsapp: +55 (35) 8406 - 6277
False,True,False,Action Sports PhotographerCascais PortugalFeel free to #repost my photos just give me a shoutout!Personal Account - @zpearson644
False,False,False,
False,False,False,"Variety of Indonesia to the world"                  Sabang - Aceh ğŸ‡®ğŸ‡©                 By Surya FitriadiUndang-Undang Nomor 19 Tahun 2002
False,False,True,
NaN
NaN
False,False,False,
False,False,True,
False,True,True,
NaN
False,False,True,
False,False,True,
False,False,True,
NaN
NaN
NaN
NaN
NaN
NaN
NaN
NaN
NaN
NaN
NaN
NaN
NaN
NaN
NaN
NaN
NaN
NaN
NaN
NaN
NaN
NaN
NaN
NaN
NaN
NaN
NaN
NaN
NaN
NaN
NaN
NaN
NaN
